"filename", "language", "HTML", "Markdown", "Shell Script", "YAML", "JavaScript", "JSON", "Draw.io", "CSS", "XML", "SCSS", "Ruby", "JSON with Comments", "comment", "blank", "total"
"/Users/SagittAries/CoreDevelopment/ByteWielder/reforia.github.io/.devcontainer/devcontainer.json", "JSON with Comments", 0, 0, 0, 0, 0, 0, 0, 0, 0, 0, 0, 24, 5, 1, 30
"/Users/SagittAries/CoreDevelopment/ByteWielder/reforia.github.io/.devcontainer/post-create.sh", "Shell Script", 0, 0, 10, 0, 0, 0, 0, 0, 0, 0, 0, 0, 4, 5, 19
"/Users/SagittAries/CoreDevelopment/ByteWielder/reforia.github.io/.github/workflows/pages-deploy.yml", "YAML", 0, 0, 0, 53, 0, 0, 0, 0, 0, 0, 0, 0, 9, 12, 74
"/Users/SagittAries/CoreDevelopment/ByteWielder/reforia.github.io/Gemfile", "Ruby", 0, 0, 0, 0, 0, 0, 0, 0, 0, 0, 11, 0, 1, 6, 18
"/Users/SagittAries/CoreDevelopment/ByteWielder/reforia.github.io/_config.yml", "YAML", 0, 0, 0, 138, 0, 0, 0, 0, 0, 0, 0, 0, 79, 36, 253
"/Users/SagittAries/CoreDevelopment/ByteWielder/reforia.github.io/_data/_author.yml", "YAML", 0, 0, 0, 3, 0, 0, 0, 0, 0, 0, 0, 0, 7, 1, 11
"/Users/SagittAries/CoreDevelopment/ByteWielder/reforia.github.io/_data/contact.yml", "YAML", 0, 0, 0, 8, 0, 0, 0, 0, 0, 0, 0, 0, 28, 4, 40
"/Users/SagittAries/CoreDevelopment/ByteWielder/reforia.github.io/_data/locales/en.yml", "YAML", 0, 0, 0, 10, 0, 0, 0, 0, 0, 0, 0, 0, 0, 0, 10
"/Users/SagittAries/CoreDevelopment/ByteWielder/reforia.github.io/_data/locales/zh-CN.yml", "YAML", 0, 0, 0, 10, 0, 0, 0, 0, 0, 0, 0, 0, 0, 0, 10
"/Users/SagittAries/CoreDevelopment/ByteWielder/reforia.github.io/_data/share.yml", "YAML", 0, 0, 0, 19, 0, 0, 0, 0, 0, 0, 0, 0, 27, 5, 51
"/Users/SagittAries/CoreDevelopment/ByteWielder/reforia.github.io/_includes/anim_background.html", "HTML", 20, 0, 0, 0, 0, 0, 0, 0, 0, 0, 0, 0, 0, 1, 21
"/Users/SagittAries/CoreDevelopment/ByteWielder/reforia.github.io/_includes/bpviewer.html", "HTML", 1, 0, 0, 0, 0, 0, 0, 0, 0, 0, 0, 0, 0, 0, 1
"/Users/SagittAries/CoreDevelopment/ByteWielder/reforia.github.io/_includes/compiler.html", "HTML", 6, 0, 0, 0, 0, 0, 0, 0, 0, 0, 0, 0, 0, 0, 6
"/Users/SagittAries/CoreDevelopment/ByteWielder/reforia.github.io/_includes/favicons.html", "HTML", 13, 0, 0, 0, 0, 0, 0, 0, 0, 0, 0, 0, 4, 2, 19
"/Users/SagittAries/CoreDevelopment/ByteWielder/reforia.github.io/_includes/gallery.html", "HTML", 155, 0, 0, 0, 0, 0, 0, 0, 0, 0, 0, 0, 1, 23, 179
"/Users/SagittAries/CoreDevelopment/ByteWielder/reforia.github.io/_includes/head.html", "HTML", 87, 0, 0, 0, 0, 0, 0, 0, 0, 0, 0, 0, 11, 28, 126
"/Users/SagittAries/CoreDevelopment/ByteWielder/reforia.github.io/_includes/obsolete_warning.html", "HTML", 2, 0, 0, 0, 0, 0, 0, 0, 0, 0, 0, 0, 0, 0, 2
"/Users/SagittAries/CoreDevelopment/ByteWielder/reforia.github.io/_includes/pythoneditor.html", "HTML", 6, 0, 0, 0, 0, 0, 0, 0, 0, 0, 0, 0, 0, 0, 6
"/Users/SagittAries/CoreDevelopment/ByteWielder/reforia.github.io/_includes/resume.html", "HTML", 6, 0, 0, 0, 0, 0, 0, 0, 0, 0, 0, 0, 0, 1, 7
"/Users/SagittAries/CoreDevelopment/ByteWielder/reforia.github.io/_includes/sidebar.html", "HTML", 116, 0, 0, 0, 0, 0, 0, 0, 0, 0, 0, 0, 8, 13, 137
"/Users/SagittAries/CoreDevelopment/ByteWielder/reforia.github.io/_includes/ue_engine_post_disclaimer.html", "HTML", 2, 0, 0, 0, 0, 0, 0, 0, 0, 0, 0, 0, 0, 0, 2
"/Users/SagittAries/CoreDevelopment/ByteWielder/reforia.github.io/_includes/ue_version_disclaimer.html", "HTML", 2, 0, 0, 0, 0, 0, 0, 0, 0, 0, 0, 0, 0, 0, 2
"/Users/SagittAries/CoreDevelopment/ByteWielder/reforia.github.io/_layouts/default.html", "HTML", 66, 0, 0, 0, 0, 0, 0, 0, 0, 0, 0, 0, 4, 21, 91
"/Users/SagittAries/CoreDevelopment/ByteWielder/reforia.github.io/_plugins/posts-lastmod-hook.rb", "Ruby", 0, 0, 0, 0, 0, 0, 0, 0, 0, 0, 7, 0, 3, 5, 15
"/Users/SagittAries/CoreDevelopment/ByteWielder/reforia.github.io/_posts/ai/genai/2023-11-10-custom-gpt.md", "Markdown", 0, 95, 0, 0, 0, 0, 0, 0, 0, 0, 0, 0, 0, 35, 130
"/Users/SagittAries/CoreDevelopment/ByteWielder/reforia.github.io/_posts/ai/genai/2025-01-10-deepseek-ide.md", "Markdown", 0, 135, 0, 0, 0, 0, 0, 0, 0, 0, 0, 0, 0, 14, 149
"/Users/SagittAries/CoreDevelopment/ByteWielder/reforia.github.io/_posts/guildhall/2019-06-17-go-go-kart.md", "Markdown", 0, 161, 0, 0, 0, 0, 0, 0, 0, 0, 0, 0, 0, 52, 213
"/Users/SagittAries/CoreDevelopment/ByteWielder/reforia.github.io/_posts/guildhall/2019-06-17-underneath-shadow copy.md", "Markdown", 0, 59, 0, 0, 0, 0, 0, 0, 0, 0, 0, 0, 0, 26, 85
"/Users/SagittAries/CoreDevelopment/ByteWielder/reforia.github.io/_posts/guildhall/2019-12-07-encounter-design.md", "Markdown", 0, 64, 0, 0, 0, 0, 0, 0, 0, 0, 0, 0, 0, 21, 85
"/Users/SagittAries/CoreDevelopment/ByteWielder/reforia.github.io/_posts/guildhall/2019-12-07-l4d-vpk-tool.md", "Markdown", 0, 31, 0, 0, 0, 0, 0, 0, 0, 0, 0, 0, 0, 6, 37
"/Users/SagittAries/CoreDevelopment/ByteWielder/reforia.github.io/_posts/guildhall/2019-12-07-tex-mechs.md", "Markdown", 0, 63, 0, 0, 0, 0, 0, 0, 0, 0, 0, 0, 0, 20, 83
"/Users/SagittAries/CoreDevelopment/ByteWielder/reforia.github.io/_posts/guildhall/2019-12-07-ut4.md", "Markdown", 0, 44, 0, 0, 0, 0, 0, 0, 0, 0, 0, 0, 0, 11, 55
"/Users/SagittAries/CoreDevelopment/ByteWielder/reforia.github.io/_posts/guildhall/2019-12-09-train-station.md", "Markdown", 0, 98, 0, 0, 0, 0, 0, 0, 0, 0, 0, 0, 0, 36, 134
"/Users/SagittAries/CoreDevelopment/ByteWielder/reforia.github.io/_posts/guildhall/2020-04-28-dfs2.md", "Markdown", 0, 31, 0, 0, 0, 0, 0, 0, 0, 0, 0, 0, 0, 13, 44
"/Users/SagittAries/CoreDevelopment/ByteWielder/reforia.github.io/_posts/guildhall/2020-07-01-control-tension-with-dda.md", "Markdown", 0, 25, 0, 0, 0, 0, 0, 0, 0, 0, 0, 0, 0, 7, 32
"/Users/SagittAries/CoreDevelopment/ByteWielder/reforia.github.io/_posts/misc/level-design/2019-08-11-tomb-of-warrior.md", "Markdown", 0, 53, 0, 0, 0, 0, 0, 0, 0, 0, 0, 0, 0, 9, 62
"/Users/SagittAries/CoreDevelopment/ByteWielder/reforia.github.io/_posts/misc/level-design/2019-12-21-quick-level-concept.md", "Markdown", 0, 18, 0, 0, 0, 0, 0, 0, 0, 0, 0, 0, 0, 7, 25
"/Users/SagittAries/CoreDevelopment/ByteWielder/reforia.github.io/_posts/ubisoft/aaa-title/2022-02-20-far-cry-6.md", "Markdown", 0, 27, 0, 0, 0, 0, 0, 0, 0, 0, 0, 0, 0, 3, 30
"/Users/SagittAries/CoreDevelopment/ByteWielder/reforia.github.io/_posts/ubisoft/aaa-title/2023-09-05-td2ww.md", "Markdown", 0, 56, 0, 0, 0, 0, 0, 0, 0, 0, 0, 0, 0, 7, 63
"/Users/SagittAries/CoreDevelopment/ByteWielder/reforia.github.io/_posts/ubisoft/aaa-title/2024-10-29-td2cn-pvedz.md", "Markdown", 0, 59, 0, 0, 0, 0, 0, 0, 0, 0, 0, 0, 0, 45, 104
"/Users/SagittAries/CoreDevelopment/ByteWielder/reforia.github.io/_posts/unreal/engine/2024-12-21-bpvm-bytecode-I.md", "Markdown", 0, 424, 0, 0, 0, 0, 0, 0, 0, 0, 0, 0, 0, 122, 546
"/Users/SagittAries/CoreDevelopment/ByteWielder/reforia.github.io/_posts/unreal/engine/2024-12-26-bpvm-bytecode-II.md", "Markdown", 0, 755, 0, 0, 0, 0, 0, 0, 0, 0, 0, 0, 0, 155, 910
"/Users/SagittAries/CoreDevelopment/ByteWielder/reforia.github.io/_posts/unreal/engine/2024-12-26-bpvm-bytecode-III.md", "Markdown", 0, 851, 0, 0, 0, 0, 0, 0, 0, 0, 0, 0, 0, 187, 1038
"/Users/SagittAries/CoreDevelopment/ByteWielder/reforia.github.io/_posts/unreal/engine/2024-12-27-bpvm-bytecode-IV.md", "Markdown", 0, 1269, 0, 0, 0, 0, 0, 0, 0, 0, 0, 0, 0, 229, 1498
"/Users/SagittAries/CoreDevelopment/ByteWielder/reforia.github.io/_posts/unreal/engine/2024-12-30-bpvm-bytecode-V.md", "Markdown", 0, 483, 0, 0, 0, 0, 0, 0, 0, 0, 0, 0, 0, 86, 569
"/Users/SagittAries/CoreDevelopment/ByteWielder/reforia.github.io/_posts/unreal/engine/2025-01-01-uht-thunk.md", "Markdown", 0, 916, 0, 0, 0, 0, 0, 0, 0, 0, 0, 0, 0, 172, 1088
"/Users/SagittAries/CoreDevelopment/ByteWielder/reforia.github.io/_posts/unreal/gameplay/2017-12-01-advanced-marker-kit.md", "Markdown", 0, 53, 0, 0, 0, 0, 0, 0, 0, 0, 0, 0, 0, 19, 72
"/Users/SagittAries/CoreDevelopment/ByteWielder/reforia.github.io/_posts/unreal/gameplay/2025-01-03-scorpio-I.md", "Markdown", 0, 157, 0, 0, 0, 0, 0, 0, 0, 0, 0, 0, 0, 32, 189
"/Users/SagittAries/CoreDevelopment/ByteWielder/reforia.github.io/_posts/unreal/gameplay/2025-05-02-ue5-black-magic-editor.md", "Markdown", 0, 457, 0, 0, 0, 0, 0, 0, 0, 0, 0, 0, 0, 108, 565
"/Users/SagittAries/CoreDevelopment/ByteWielder/reforia.github.io/_posts/unreal/gameplay/2025-05-02-ue5-black-magic.md", "Markdown", 0, 250, 0, 0, 0, 0, 0, 0, 0, 0, 0, 0, 0, 60, 310
"/Users/SagittAries/CoreDevelopment/ByteWielder/reforia.github.io/_posts/unreal/gameplay/2025-05-05-ue5-black-magic-editor-validation.md", "Markdown", 0, 335, 0, 0, 0, 0, 0, 0, 0, 0, 0, 0, 0, 67, 402
"/Users/SagittAries/CoreDevelopment/ByteWielder/reforia.github.io/_posts/unreal/network/2020-08-20-network-ability-framework.md", "Markdown", 0, 115, 0, 0, 0, 0, 0, 0, 0, 0, 0, 0, 0, 41, 156
"/Users/SagittAries/CoreDevelopment/ByteWielder/reforia.github.io/_posts/unreal/render/2018-11-12-portal-shader.md", "Markdown", 0, 22, 0, 0, 0, 0, 0, 0, 0, 0, 0, 0, 0, 6, 28
"/Users/SagittAries/CoreDevelopment/ByteWielder/reforia.github.io/_posts/unreal/render/2019-07-04-procedural-water.md", "Markdown", 0, 92, 0, 0, 0, 0, 0, 0, 0, 0, 0, 0, 0, 38, 130
"/Users/SagittAries/CoreDevelopment/ByteWielder/reforia.github.io/_posts/unreal/render/2019-12-10-curve-based-exp-fog.md", "Markdown", 0, 45, 0, 0, 0, 0, 0, 0, 0, 0, 0, 0, 0, 21, 66
"/Users/SagittAries/CoreDevelopment/ByteWielder/reforia.github.io/_posts/zh-CN/unreal/gameplay/2025-05-02-ue5-black-magic-editor.md", "Markdown", 0, 456, 0, 0, 0, 0, 0, 0, 0, 0, 0, 0, 0, 107, 563
"/Users/SagittAries/CoreDevelopment/ByteWielder/reforia.github.io/_posts/zh-CN/unreal/gameplay/2025-05-05-ue5-black-magic-editor-validation.md", "Markdown", 0, 335, 0, 0, 0, 0, 0, 0, 0, 0, 0, 0, 0, 65, 400
"/Users/SagittAries/CoreDevelopment/ByteWielder/reforia.github.io/_tabs/archives.md", "Markdown", 0, 6, 0, 0, 0, 0, 0, 0, 0, 0, 0, 0, 0, 1, 7
"/Users/SagittAries/CoreDevelopment/ByteWielder/reforia.github.io/_tabs/categories.md", "Markdown", 0, 6, 0, 0, 0, 0, 0, 0, 0, 0, 0, 0, 0, 1, 7
"/Users/SagittAries/CoreDevelopment/ByteWielder/reforia.github.io/_tabs/ebp.md", "Markdown", 0, 14, 0, 0, 0, 0, 0, 0, 0, 0, 0, 0, 0, 6, 20
"/Users/SagittAries/CoreDevelopment/ByteWielder/reforia.github.io/_tabs/online-compiler.md", "Markdown", 0, 8, 0, 0, 0, 0, 0, 0, 0, 0, 0, 0, 0, 1, 9
"/Users/SagittAries/CoreDevelopment/ByteWielder/reforia.github.io/_tabs/online-ide.md", "Markdown", 0, 8, 0, 0, 0, 0, 0, 0, 0, 0, 0, 0, 0, 1, 9
"/Users/SagittAries/CoreDevelopment/ByteWielder/reforia.github.io/_tabs/tags.md", "Markdown", 0, 6, 0, 0, 0, 0, 0, 0, 0, 0, 0, 0, 0, 1, 7
"/Users/SagittAries/CoreDevelopment/ByteWielder/reforia.github.io/_tabs/zh-CN/archives.md", "Markdown", 0, 6, 0, 0, 0, 0, 0, 0, 0, 0, 0, 0, 0, 1, 7
"/Users/SagittAries/CoreDevelopment/ByteWielder/reforia.github.io/_tabs/zh-CN/categories.md", "Markdown", 0, 6, 0, 0, 0, 0, 0, 0, 0, 0, 0, 0, 0, 1, 7
"/Users/SagittAries/CoreDevelopment/ByteWielder/reforia.github.io/_tabs/zh-CN/ebp.md", "Markdown", 0, 14, 0, 0, 0, 0, 0, 0, 0, 0, 0, 0, 0, 6, 20
"/Users/SagittAries/CoreDevelopment/ByteWielder/reforia.github.io/_tabs/zh-CN/online-compiler.md", "Markdown", 0, 8, 0, 0, 0, 0, 0, 0, 0, 0, 0, 0, 0, 1, 9
"/Users/SagittAries/CoreDevelopment/ByteWielder/reforia.github.io/_tabs/zh-CN/online-ide.md", "Markdown", 0, 8, 0, 0, 0, 0, 0, 0, 0, 0, 0, 0, 0, 1, 9
"/Users/SagittAries/CoreDevelopment/ByteWielder/reforia.github.io/_tabs/zh-CN/tags.md", "Markdown", 0, 6, 0, 0, 0, 0, 0, 0, 0, 0, 0, 0, 0, 1, 7
"/Users/SagittAries/CoreDevelopment/ByteWielder/reforia.github.io/assets/404.html", "HTML", 11, 0, 0, 0, 0, 0, 0, 0, 0, 0, 0, 0, 0, 3, 14
"/Users/SagittAries/CoreDevelopment/ByteWielder/reforia.github.io/assets/css/jekyll-theme-chirpy.scss", "SCSS", 0, 0, 0, 0, 0, 0, 0, 0, 0, 323, 0, 0, 22, 46, 391
"/Users/SagittAries/CoreDevelopment/ByteWielder/reforia.github.io/assets/feed.xml", "XML", 0, 0, 0, 0, 0, 0, 0, 0, 49, 0, 0, 0, 0, 5, 54
"/Users/SagittAries/CoreDevelopment/ByteWielder/reforia.github.io/assets/img/favicons/browserconfig.xml", "XML", 0, 0, 0, 0, 0, 0, 0, 0, 12, 0, 0, 0, 0, 1, 13
"/Users/SagittAries/CoreDevelopment/ByteWielder/reforia.github.io/assets/img/favicons/favicon.svg", "XML", 0, 0, 0, 0, 0, 0, 0, 0, 3, 0, 0, 0, 0, 0, 3
"/Users/SagittAries/CoreDevelopment/ByteWielder/reforia.github.io/assets/img/favicons/site.webmanifest", "JSON", 0, 0, 0, 0, 0, 24, 0, 0, 0, 0, 0, 0, 0, 2, 26
"/Users/SagittAries/CoreDevelopment/ByteWielder/reforia.github.io/assets/img/post-data/unreal/engine/bpvm-bytecode/bytecode.drawio", "Draw.io", 0, 0, 0, 0, 0, 0, 154, 0, 0, 0, 0, 0, 0, 0, 154
"/Users/SagittAries/CoreDevelopment/ByteWielder/reforia.github.io/assets/img/post-data/unreal/gameplay/scorpio/scorpio.drawio", "Draw.io", 0, 0, 0, 0, 0, 0, 66, 0, 0, 0, 0, 0, 0, 0, 66
"/Users/SagittAries/CoreDevelopment/ByteWielder/reforia.github.io/assets/lib/.github/dependabot.yml", "YAML", 0, 0, 0, 10, 0, 0, 0, 0, 0, 0, 0, 0, 0, 1, 11
"/Users/SagittAries/CoreDevelopment/ByteWielder/reforia.github.io/assets/lib/README.md", "Markdown", 0, 55, 0, 0, 0, 0, 0, 0, 0, 0, 0, 0, 0, 19, 74
"/Users/SagittAries/CoreDevelopment/ByteWielder/reforia.github.io/assets/lib/clipboard/clipboard.min.js", "JavaScript", 0, 0, 0, 0, 1, 0, 0, 0, 0, 0, 0, 0, 6, 0, 7
"/Users/SagittAries/CoreDevelopment/ByteWielder/reforia.github.io/assets/lib/dayjs/dayjs.min.js", "JavaScript", 0, 0, 0, 0, 1, 0, 0, 0, 0, 0, 0, 0, 0, 0, 1
"/Users/SagittAries/CoreDevelopment/ByteWielder/reforia.github.io/assets/lib/dayjs/locale/en.js", "JavaScript", 0, 0, 0, 0, 1, 0, 0, 0, 0, 0, 0, 0, 0, 0, 1
"/Users/SagittAries/CoreDevelopment/ByteWielder/reforia.github.io/assets/lib/dayjs/plugin/localizedFormat.js", "JavaScript", 0, 0, 0, 0, 1, 0, 0, 0, 0, 0, 0, 0, 0, 0, 1
"/Users/SagittAries/CoreDevelopment/ByteWielder/reforia.github.io/assets/lib/dayjs/plugin/relativeTime.js", "JavaScript", 0, 0, 0, 0, 1, 0, 0, 0, 0, 0, 0, 0, 0, 0, 1
"/Users/SagittAries/CoreDevelopment/ByteWielder/reforia.github.io/assets/lib/fontawesome-free/README.md", "Markdown", 0, 2, 0, 0, 0, 0, 0, 0, 0, 0, 0, 0, 0, 2, 4
"/Users/SagittAries/CoreDevelopment/ByteWielder/reforia.github.io/assets/lib/fontawesome-free/css/all.min.css", "CSS", 0, 0, 0, 0, 0, 0, 0, 3, 0, 0, 0, 0, 5, 1, 9
"/Users/SagittAries/CoreDevelopment/ByteWielder/reforia.github.io/assets/lib/fonts/main.css", "CSS", 0, 0, 0, 0, 0, 0, 0, 1, 0, 0, 0, 0, 0, 1, 2
"/Users/SagittAries/CoreDevelopment/ByteWielder/reforia.github.io/assets/lib/glightbox/glightbox.min.css", "CSS", 0, 0, 0, 0, 0, 0, 0, 1, 0, 0, 0, 0, 0, 0, 1
"/Users/SagittAries/CoreDevelopment/ByteWielder/reforia.github.io/assets/lib/glightbox/glightbox.min.js", "JavaScript", 0, 0, 0, 0, 1, 0, 0, 0, 0, 0, 0, 0, 0, 0, 1
"/Users/SagittAries/CoreDevelopment/ByteWielder/reforia.github.io/assets/lib/loading-attribute-polyfill/loading-attribute-polyfill.min.css", "CSS", 0, 0, 0, 0, 0, 0, 0, 1, 0, 0, 0, 0, 7, 0, 8
"/Users/SagittAries/CoreDevelopment/ByteWielder/reforia.github.io/assets/lib/loading-attribute-polyfill/loading-attribute-polyfill.umd.min.js", "JavaScript", 0, 0, 0, 0, 1, 0, 0, 0, 0, 0, 0, 0, 7, 1, 9
"/Users/SagittAries/CoreDevelopment/ByteWielder/reforia.github.io/assets/lib/mathjax/a11y/assistive-mml.js", "JavaScript", 0, 0, 0, 0, 1, 0, 0, 0, 0, 0, 0, 0, 0, 0, 1
"/Users/SagittAries/CoreDevelopment/ByteWielder/reforia.github.io/assets/lib/mathjax/a11y/complexity.js", "JavaScript", 0, 0, 0, 0, 1, 0, 0, 0, 0, 0, 0, 0, 0, 0, 1
"/Users/SagittAries/CoreDevelopment/ByteWielder/reforia.github.io/assets/lib/mathjax/a11y/explorer.js", "JavaScript", 0, 0, 0, 0, 1, 0, 0, 0, 0, 0, 0, 0, 0, 0, 1
"/Users/SagittAries/CoreDevelopment/ByteWielder/reforia.github.io/assets/lib/mathjax/a11y/semantic-enrich.js", "JavaScript", 0, 0, 0, 0, 1, 0, 0, 0, 0, 0, 0, 0, 0, 0, 1
"/Users/SagittAries/CoreDevelopment/ByteWielder/reforia.github.io/assets/lib/mathjax/adaptors/liteDOM.js", "JavaScript", 0, 0, 0, 0, 1, 0, 0, 0, 0, 0, 0, 0, 0, 0, 1
"/Users/SagittAries/CoreDevelopment/ByteWielder/reforia.github.io/assets/lib/mathjax/core.js", "JavaScript", 0, 0, 0, 0, 1, 0, 0, 0, 0, 0, 0, 0, 0, 0, 1
"/Users/SagittAries/CoreDevelopment/ByteWielder/reforia.github.io/assets/lib/mathjax/input/asciimath.js", "JavaScript", 0, 0, 0, 0, 1, 0, 0, 0, 0, 0, 0, 0, 0, 0, 1
"/Users/SagittAries/CoreDevelopment/ByteWielder/reforia.github.io/assets/lib/mathjax/input/mml.js", "JavaScript", 0, 0, 0, 0, 1, 0, 0, 0, 0, 0, 0, 0, 0, 0, 1
"/Users/SagittAries/CoreDevelopment/ByteWielder/reforia.github.io/assets/lib/mathjax/input/mml/entities.js", "JavaScript", 0, 0, 0, 0, 1, 0, 0, 0, 0, 0, 0, 0, 0, 0, 1
"/Users/SagittAries/CoreDevelopment/ByteWielder/reforia.github.io/assets/lib/mathjax/input/mml/extensions/mml3.js", "JavaScript", 0, 0, 0, 0, 1, 0, 0, 0, 0, 0, 0, 0, 0, 0, 1
"/Users/SagittAries/CoreDevelopment/ByteWielder/reforia.github.io/assets/lib/mathjax/input/mml/extensions/mml3.sef.json", "JSON", 0, 0, 0, 0, 0, 1, 0, 0, 0, 0, 0, 0, 0, 0, 1
"/Users/SagittAries/CoreDevelopment/ByteWielder/reforia.github.io/assets/lib/mathjax/input/tex-base.js", "JavaScript", 0, 0, 0, 0, 1, 0, 0, 0, 0, 0, 0, 0, 0, 0, 1
"/Users/SagittAries/CoreDevelopment/ByteWielder/reforia.github.io/assets/lib/mathjax/input/tex-full.js", "JavaScript", 0, 0, 0, 0, 2, 0, 0, 0, 0, 0, 0, 0, 32, 0, 34
"/Users/SagittAries/CoreDevelopment/ByteWielder/reforia.github.io/assets/lib/mathjax/input/tex.js", "JavaScript", 0, 0, 0, 0, 1, 0, 0, 0, 0, 0, 0, 0, 0, 0, 1
"/Users/SagittAries/CoreDevelopment/ByteWielder/reforia.github.io/assets/lib/mathjax/input/tex/extensions/action.js", "JavaScript", 0, 0, 0, 0, 1, 0, 0, 0, 0, 0, 0, 0, 0, 0, 1
"/Users/SagittAries/CoreDevelopment/ByteWielder/reforia.github.io/assets/lib/mathjax/input/tex/extensions/all-packages.js", "JavaScript", 0, 0, 0, 0, 2, 0, 0, 0, 0, 0, 0, 0, 32, 0, 34
"/Users/SagittAries/CoreDevelopment/ByteWielder/reforia.github.io/assets/lib/mathjax/input/tex/extensions/ams.js", "JavaScript", 0, 0, 0, 0, 1, 0, 0, 0, 0, 0, 0, 0, 0, 0, 1
"/Users/SagittAries/CoreDevelopment/ByteWielder/reforia.github.io/assets/lib/mathjax/input/tex/extensions/amscd.js", "JavaScript", 0, 0, 0, 0, 1, 0, 0, 0, 0, 0, 0, 0, 0, 0, 1
"/Users/SagittAries/CoreDevelopment/ByteWielder/reforia.github.io/assets/lib/mathjax/input/tex/extensions/autoload.js", "JavaScript", 0, 0, 0, 0, 1, 0, 0, 0, 0, 0, 0, 0, 0, 0, 1
"/Users/SagittAries/CoreDevelopment/ByteWielder/reforia.github.io/assets/lib/mathjax/input/tex/extensions/bbox.js", "JavaScript", 0, 0, 0, 0, 1, 0, 0, 0, 0, 0, 0, 0, 0, 0, 1
"/Users/SagittAries/CoreDevelopment/ByteWielder/reforia.github.io/assets/lib/mathjax/input/tex/extensions/boldsymbol.js", "JavaScript", 0, 0, 0, 0, 1, 0, 0, 0, 0, 0, 0, 0, 0, 0, 1
"/Users/SagittAries/CoreDevelopment/ByteWielder/reforia.github.io/assets/lib/mathjax/input/tex/extensions/braket.js", "JavaScript", 0, 0, 0, 0, 1, 0, 0, 0, 0, 0, 0, 0, 0, 0, 1
"/Users/SagittAries/CoreDevelopment/ByteWielder/reforia.github.io/assets/lib/mathjax/input/tex/extensions/bussproofs.js", "JavaScript", 0, 0, 0, 0, 1, 0, 0, 0, 0, 0, 0, 0, 0, 0, 1
"/Users/SagittAries/CoreDevelopment/ByteWielder/reforia.github.io/assets/lib/mathjax/input/tex/extensions/cancel.js", "JavaScript", 0, 0, 0, 0, 1, 0, 0, 0, 0, 0, 0, 0, 0, 0, 1
"/Users/SagittAries/CoreDevelopment/ByteWielder/reforia.github.io/assets/lib/mathjax/input/tex/extensions/centernot.js", "JavaScript", 0, 0, 0, 0, 1, 0, 0, 0, 0, 0, 0, 0, 0, 0, 1
"/Users/SagittAries/CoreDevelopment/ByteWielder/reforia.github.io/assets/lib/mathjax/input/tex/extensions/color.js", "JavaScript", 0, 0, 0, 0, 1, 0, 0, 0, 0, 0, 0, 0, 0, 0, 1
"/Users/SagittAries/CoreDevelopment/ByteWielder/reforia.github.io/assets/lib/mathjax/input/tex/extensions/colortbl.js", "JavaScript", 0, 0, 0, 0, 1, 0, 0, 0, 0, 0, 0, 0, 0, 0, 1
"/Users/SagittAries/CoreDevelopment/ByteWielder/reforia.github.io/assets/lib/mathjax/input/tex/extensions/colorv2.js", "JavaScript", 0, 0, 0, 0, 1, 0, 0, 0, 0, 0, 0, 0, 0, 0, 1
"/Users/SagittAries/CoreDevelopment/ByteWielder/reforia.github.io/assets/lib/mathjax/input/tex/extensions/configmacros.js", "JavaScript", 0, 0, 0, 0, 1, 0, 0, 0, 0, 0, 0, 0, 0, 0, 1
"/Users/SagittAries/CoreDevelopment/ByteWielder/reforia.github.io/assets/lib/mathjax/input/tex/extensions/enclose.js", "JavaScript", 0, 0, 0, 0, 1, 0, 0, 0, 0, 0, 0, 0, 0, 0, 1
"/Users/SagittAries/CoreDevelopment/ByteWielder/reforia.github.io/assets/lib/mathjax/input/tex/extensions/extpfeil.js", "JavaScript", 0, 0, 0, 0, 1, 0, 0, 0, 0, 0, 0, 0, 0, 0, 1
"/Users/SagittAries/CoreDevelopment/ByteWielder/reforia.github.io/assets/lib/mathjax/input/tex/extensions/gensymb.js", "JavaScript", 0, 0, 0, 0, 1, 0, 0, 0, 0, 0, 0, 0, 0, 0, 1
"/Users/SagittAries/CoreDevelopment/ByteWielder/reforia.github.io/assets/lib/mathjax/input/tex/extensions/html.js", "JavaScript", 0, 0, 0, 0, 1, 0, 0, 0, 0, 0, 0, 0, 0, 0, 1
"/Users/SagittAries/CoreDevelopment/ByteWielder/reforia.github.io/assets/lib/mathjax/input/tex/extensions/mathtools.js", "JavaScript", 0, 0, 0, 0, 1, 0, 0, 0, 0, 0, 0, 0, 0, 0, 1
"/Users/SagittAries/CoreDevelopment/ByteWielder/reforia.github.io/assets/lib/mathjax/input/tex/extensions/mhchem.js", "JavaScript", 0, 0, 0, 0, 2, 0, 0, 0, 0, 0, 0, 0, 32, 0, 34
"/Users/SagittAries/CoreDevelopment/ByteWielder/reforia.github.io/assets/lib/mathjax/input/tex/extensions/newcommand.js", "JavaScript", 0, 0, 0, 0, 1, 0, 0, 0, 0, 0, 0, 0, 0, 0, 1
"/Users/SagittAries/CoreDevelopment/ByteWielder/reforia.github.io/assets/lib/mathjax/input/tex/extensions/noerrors.js", "JavaScript", 0, 0, 0, 0, 1, 0, 0, 0, 0, 0, 0, 0, 0, 0, 1
"/Users/SagittAries/CoreDevelopment/ByteWielder/reforia.github.io/assets/lib/mathjax/input/tex/extensions/noundefined.js", "JavaScript", 0, 0, 0, 0, 1, 0, 0, 0, 0, 0, 0, 0, 0, 0, 1
"/Users/SagittAries/CoreDevelopment/ByteWielder/reforia.github.io/assets/lib/mathjax/input/tex/extensions/physics.js", "JavaScript", 0, 0, 0, 0, 1, 0, 0, 0, 0, 0, 0, 0, 0, 0, 1
"/Users/SagittAries/CoreDevelopment/ByteWielder/reforia.github.io/assets/lib/mathjax/input/tex/extensions/require.js", "JavaScript", 0, 0, 0, 0, 1, 0, 0, 0, 0, 0, 0, 0, 0, 0, 1
"/Users/SagittAries/CoreDevelopment/ByteWielder/reforia.github.io/assets/lib/mathjax/input/tex/extensions/setoptions.js", "JavaScript", 0, 0, 0, 0, 1, 0, 0, 0, 0, 0, 0, 0, 0, 0, 1
"/Users/SagittAries/CoreDevelopment/ByteWielder/reforia.github.io/assets/lib/mathjax/input/tex/extensions/tagformat.js", "JavaScript", 0, 0, 0, 0, 1, 0, 0, 0, 0, 0, 0, 0, 0, 0, 1
"/Users/SagittAries/CoreDevelopment/ByteWielder/reforia.github.io/assets/lib/mathjax/input/tex/extensions/textcomp.js", "JavaScript", 0, 0, 0, 0, 1, 0, 0, 0, 0, 0, 0, 0, 0, 0, 1
"/Users/SagittAries/CoreDevelopment/ByteWielder/reforia.github.io/assets/lib/mathjax/input/tex/extensions/textmacros.js", "JavaScript", 0, 0, 0, 0, 1, 0, 0, 0, 0, 0, 0, 0, 0, 0, 1
"/Users/SagittAries/CoreDevelopment/ByteWielder/reforia.github.io/assets/lib/mathjax/input/tex/extensions/unicode.js", "JavaScript", 0, 0, 0, 0, 1, 0, 0, 0, 0, 0, 0, 0, 0, 0, 1
"/Users/SagittAries/CoreDevelopment/ByteWielder/reforia.github.io/assets/lib/mathjax/input/tex/extensions/upgreek.js", "JavaScript", 0, 0, 0, 0, 1, 0, 0, 0, 0, 0, 0, 0, 0, 0, 1
"/Users/SagittAries/CoreDevelopment/ByteWielder/reforia.github.io/assets/lib/mathjax/input/tex/extensions/verb.js", "JavaScript", 0, 0, 0, 0, 1, 0, 0, 0, 0, 0, 0, 0, 0, 0, 1
"/Users/SagittAries/CoreDevelopment/ByteWielder/reforia.github.io/assets/lib/mathjax/latest.js", "JavaScript", 0, 0, 0, 0, 1, 0, 0, 0, 0, 0, 0, 0, 0, 0, 1
"/Users/SagittAries/CoreDevelopment/ByteWielder/reforia.github.io/assets/lib/mathjax/loader.js", "JavaScript", 0, 0, 0, 0, 1, 0, 0, 0, 0, 0, 0, 0, 0, 0, 1
"/Users/SagittAries/CoreDevelopment/ByteWielder/reforia.github.io/assets/lib/mathjax/mml-chtml.js", "JavaScript", 0, 0, 0, 0, 1, 0, 0, 0, 0, 0, 0, 0, 0, 0, 1
"/Users/SagittAries/CoreDevelopment/ByteWielder/reforia.github.io/assets/lib/mathjax/mml-svg.js", "JavaScript", 0, 0, 0, 0, 1, 0, 0, 0, 0, 0, 0, 0, 0, 0, 1
"/Users/SagittAries/CoreDevelopment/ByteWielder/reforia.github.io/assets/lib/mathjax/node-main.js", "JavaScript", 0, 0, 0, 0, 1, 0, 0, 0, 0, 0, 0, 0, 0, 0, 1
"/Users/SagittAries/CoreDevelopment/ByteWielder/reforia.github.io/assets/lib/mathjax/output/chtml.js", "JavaScript", 0, 0, 0, 0, 1, 0, 0, 0, 0, 0, 0, 0, 0, 0, 1
"/Users/SagittAries/CoreDevelopment/ByteWielder/reforia.github.io/assets/lib/mathjax/output/chtml/fonts/tex.js", "JavaScript", 0, 0, 0, 0, 1, 0, 0, 0, 0, 0, 0, 0, 0, 0, 1
"/Users/SagittAries/CoreDevelopment/ByteWielder/reforia.github.io/assets/lib/mathjax/output/svg.js", "JavaScript", 0, 0, 0, 0, 1, 0, 0, 0, 0, 0, 0, 0, 0, 0, 1
"/Users/SagittAries/CoreDevelopment/ByteWielder/reforia.github.io/assets/lib/mathjax/output/svg/fonts/tex.js", "JavaScript", 0, 0, 0, 0, 1, 0, 0, 0, 0, 0, 0, 0, 0, 0, 1
"/Users/SagittAries/CoreDevelopment/ByteWielder/reforia.github.io/assets/lib/mathjax/sre/mathmaps/de.js", "JavaScript", 0, 0, 0, 0, 124, 0, 0, 0, 0, 0, 0, 0, 0, 2, 126
"/Users/SagittAries/CoreDevelopment/ByteWielder/reforia.github.io/assets/lib/mathjax/sre/mathmaps/en.js", "JavaScript", 0, 0, 0, 0, 130, 0, 0, 0, 0, 0, 0, 0, 0, 2, 132
"/Users/SagittAries/CoreDevelopment/ByteWielder/reforia.github.io/assets/lib/mathjax/sre/mathmaps/es.js", "JavaScript", 0, 0, 0, 0, 121, 0, 0, 0, 0, 0, 0, 0, 0, 2, 123
"/Users/SagittAries/CoreDevelopment/ByteWielder/reforia.github.io/assets/lib/mathjax/sre/mathmaps/fr.js", "JavaScript", 0, 0, 0, 0, 124, 0, 0, 0, 0, 0, 0, 0, 0, 2, 126
"/Users/SagittAries/CoreDevelopment/ByteWielder/reforia.github.io/assets/lib/mathjax/sre/mathmaps/hi.js", "JavaScript", 0, 0, 0, 0, 124, 0, 0, 0, 0, 0, 0, 0, 0, 2, 126
"/Users/SagittAries/CoreDevelopment/ByteWielder/reforia.github.io/assets/lib/mathjax/sre/mathmaps/it.js", "JavaScript", 0, 0, 0, 0, 124, 0, 0, 0, 0, 0, 0, 0, 0, 2, 126
"/Users/SagittAries/CoreDevelopment/ByteWielder/reforia.github.io/assets/lib/mathjax/sre/mathmaps/nemeth.js", "JavaScript", 0, 0, 0, 0, 112, 0, 0, 0, 0, 0, 0, 0, 0, 2, 114
"/Users/SagittAries/CoreDevelopment/ByteWielder/reforia.github.io/assets/lib/mathjax/sre/sre-node.js", "JavaScript", 0, 0, 0, 0, 10, 0, 0, 0, 0, 0, 0, 0, 1, 0, 11
"/Users/SagittAries/CoreDevelopment/ByteWielder/reforia.github.io/assets/lib/mathjax/sre/sre_browser.js", "JavaScript", 0, 0, 0, 0, 875, 0, 0, 0, 0, 0, 0, 0, 123, 2, 1000
"/Users/SagittAries/CoreDevelopment/ByteWielder/reforia.github.io/assets/lib/mathjax/startup.js", "JavaScript", 0, 0, 0, 0, 1, 0, 0, 0, 0, 0, 0, 0, 0, 0, 1
"/Users/SagittAries/CoreDevelopment/ByteWielder/reforia.github.io/assets/lib/mathjax/tex-chtml-full.js", "JavaScript", 0, 0, 0, 0, 2, 0, 0, 0, 0, 0, 0, 0, 32, 0, 34
"/Users/SagittAries/CoreDevelopment/ByteWielder/reforia.github.io/assets/lib/mathjax/tex-chtml.js", "JavaScript", 0, 0, 0, 0, 1, 0, 0, 0, 0, 0, 0, 0, 0, 0, 1
"/Users/SagittAries/CoreDevelopment/ByteWielder/reforia.github.io/assets/lib/mathjax/tex-mml-chtml.js", "JavaScript", 0, 0, 0, 0, 1, 0, 0, 0, 0, 0, 0, 0, 0, 0, 1
"/Users/SagittAries/CoreDevelopment/ByteWielder/reforia.github.io/assets/lib/mathjax/tex-mml-svg.js", "JavaScript", 0, 0, 0, 0, 1, 0, 0, 0, 0, 0, 0, 0, 0, 0, 1
"/Users/SagittAries/CoreDevelopment/ByteWielder/reforia.github.io/assets/lib/mathjax/tex-svg-full.js", "JavaScript", 0, 0, 0, 0, 2, 0, 0, 0, 0, 0, 0, 0, 32, 0, 34
"/Users/SagittAries/CoreDevelopment/ByteWielder/reforia.github.io/assets/lib/mathjax/tex-svg.js", "JavaScript", 0, 0, 0, 0, 1, 0, 0, 0, 0, 0, 0, 0, 0, 0, 1
"/Users/SagittAries/CoreDevelopment/ByteWielder/reforia.github.io/assets/lib/mathjax/ui/lazy.js", "JavaScript", 0, 0, 0, 0, 1, 0, 0, 0, 0, 0, 0, 0, 0, 0, 1
"/Users/SagittAries/CoreDevelopment/ByteWielder/reforia.github.io/assets/lib/mathjax/ui/menu.js", "JavaScript", 0, 0, 0, 0, 1, 0, 0, 0, 0, 0, 0, 0, 0, 0, 1
"/Users/SagittAries/CoreDevelopment/ByteWielder/reforia.github.io/assets/lib/mathjax/ui/safe.js", "JavaScript", 0, 0, 0, 0, 1, 0, 0, 0, 0, 0, 0, 0, 0, 0, 1
"/Users/SagittAries/CoreDevelopment/ByteWielder/reforia.github.io/assets/lib/mermaid/mermaid.min.js", "JavaScript", 0, 0, 0, 0, 2017, 0, 0, 0, 0, 0, 0, 0, 76, 222, 2315
"/Users/SagittAries/CoreDevelopment/ByteWielder/reforia.github.io/assets/lib/package.json", "JSON", 0, 0, 0, 0, 0, 12, 0, 0, 0, 0, 0, 0, 0, 1, 13
"/Users/SagittAries/CoreDevelopment/ByteWielder/reforia.github.io/assets/lib/simple-jekyll-search/simple-jekyll-search.min.js", "JavaScript", 0, 0, 0, 0, 1, 0, 0, 0, 0, 0, 0, 0, 5, 0, 6
"/Users/SagittAries/CoreDevelopment/ByteWielder/reforia.github.io/assets/lib/tocbot/tocbot.min.css", "CSS", 0, 0, 0, 0, 0, 0, 0, 1, 0, 0, 0, 0, 6, 1, 8
"/Users/SagittAries/CoreDevelopment/ByteWielder/reforia.github.io/assets/lib/tocbot/tocbot.min.js", "JavaScript", 0, 0, 0, 0, 1, 0, 0, 0, 0, 0, 0, 0, 0, 0, 1
"/Users/SagittAries/CoreDevelopment/ByteWielder/reforia.github.io/index copy.html", "HTML", 4, 0, 0, 0, 0, 0, 0, 0, 0, 0, 0, 0, 0, 0, 4
"/Users/SagittAries/CoreDevelopment/ByteWielder/reforia.github.io/index.html", "HTML", 4, 0, 0, 0, 0, 0, 0, 0, 0, 0, 0, 0, 0, 0, 4
"/Users/SagittAries/CoreDevelopment/ByteWielder/reforia.github.io/tools/run.sh", "Shell Script", 0, 0, 44, 0, 0, 0, 0, 0, 0, 0, 0, 0, 3, 8, 55
"/Users/SagittAries/CoreDevelopment/ByteWielder/reforia.github.io/tools/test.sh", "Shell Script", 0, 0, 60, 0, 0, 0, 0, 0, 0, 0, 0, 0, 14, 16, 90
"Total", "-", 501, 8187, 114, 251, 3840, 37, 220, 7, 64, 323, 18, 24, 626, 2359, 16571